JA pavadinimas,JA kodas,Licencijos rūšis,Licencijos numeris,Veiklos vietos numeris,Veiklos vietos adresas,Veiklos vietos pobūdis,Licencijos išdavimo data,Būsena,Būsenos pasikeitimo data
"BENU Vaistinė Lietuva, UAB",135874035,Vaistinės veiklos licencija,79,137,"Žemaičių g.31 Kauno m., Kaunas",Visuomenės vaistinė,2012-02-10,Galioja,2012-02-10
"Uždaroji akcinė bendrovė ""Medicamen""",135166075,Vaistinės veiklos licencija,1,17,Saulės g.55 Kaunas,Visuomenės vaistinė,2005-02-17,Galiojimas panaikintas,2006-06-13
"Uždaroji akcinė bendrovė ""Nemuno vaistinė""",134778482,Vaistinės veiklos licencija,2,161,"Partizanų g.136 Kauno m., Kaunas",Visuomenės vaistinė,2008-02-28,Galioja,2009-03-31
"Uždaroji akcinė bendrovė ""Nemuno vaistinė""",134778482,Vaistinės veiklos licencija,2,8,"Eivenių g.23 Kauno m., Kaunas",Visuomenės vaistinė,2005-02-17,Galioja,2006-08-31
UAB EUROVAISTINĖ,124446859,Vaistinės veiklos licencija,13,286,"Vilniaus g.66 Kauno m., Kaunas",Visuomenės vaistinė,2012-10-19,Galiojimas panaikintas,2017-04-10
UAB EUROVAISTINĖ,124446859,Vaistinės veiklos licencija,13,291,"Eivenių g.3 Kauno m., Kaunas",Visuomenės vaistinė,2013-05-08,Galiojimas panaikintas,2017-04-25
UAB EUROVAISTINĖ,124446859,Vaistinės veiklos licencija,13,4,V.Krėvės pr.14b Kaunas,Visuomenės vaistinė,2005-02-17,Galioja,2013-12-20
"D.V.Raulynaitienės vaistinė ""Ekmedina""",134580276,Vaistinės veiklos licencija,29,1,"A.Juozapavičiaus pr.72 Kauno m., Kaunas",Visuomenės vaistinė,2005-03-24,Galiojimas panaikintas,2007-07-24
"BENU Vaistinė Lietuva, UAB",135874035,Vaistinės veiklos licencija,79,79,"Šv.Gertrūdos g.64 / M.Daukšos g.51 Kauno m., Kaunas",Gamybinė visuomenės vaistinė,2009-09-09,Galiojimas panaikintas,2013-11-06
"UAB vaistinė ""Hiperfarma""",300869774,Vaistinės veiklos licencija,863,0,"Totorių g.3 / Krėvos g.4 Kauno m., Kaunas",Visuomenės vaistinė,2014-01-13,Galiojimas panaikintas,2018-03-07
"Uždaroji akcinė bendrovė ""Tilto vaistinė""",134383670,Vaistinės veiklos licencija,94,0,Šiaurės pr.47 Kaunas,Visuomenės vaistinė,2005-04-27,Galiojimas panaikintas,2016-08-08
"Uždaroji akcinė bendrovė ""Kauno vaistinių centras""",134248427,Vaistinės veiklos licencija,482,0,"K.Baršausko g.83 Kauno m., Kaunas",Visuomenės vaistinė,2005-11-17,Galiojimas panaikintas,2013-01-09
"UAB ""Primula Veris vaistinė""",302679866,Vaistinės veiklos licencija,834,0,"Šarkuvos g.16-17 Kauno m., Kaunas",Visuomenės vaistinė,2011-12-27,Galiojimas panaikintas,2016-08-08
"Uždaroji akcinė bendrovė ""Medicamen""",135166075,Vaistinės veiklos licencija,1,0,Bajorų g.8 Kaunas,Visuomenės vaistinė,2005-02-17,Galiojimas panaikintas,2006-12-20
"D.V.Raulynaitienės vaistinė ""Ekmedina""",134580276,Vaistinės veiklos licencija,29,0,"P.Plechavičiaus g.6-1A Kauno m., Kaunas",Visuomenės vaistinė,2005-03-24,Galiojimas panaikintas,2007-07-24
"Uždaroji akcinė bendrovė ""Šilo vaistinė""",133917897,Vaistinės veiklos licencija,37,0,A.Smetonos al.55a Kaunas,Visuomenės vaistinė,2005-03-24,Galiojimas panaikintas,2007-01-25
"Vaistinė ""Arnica"", UAB",133619160,Vaistinės veiklos licencija,41,0,"Pramonės pr.14 Kauno m., Kaunas",Visuomenės vaistinė,2005-03-24,Galiojimas panaikintas,2010-05-18
Stasės Gelumbauskienės vaistinė,135297854,Vaistinės veiklos licencija,46,0,"Piliuonos g.20 Kauno m., Kaunas",Visuomenės vaistinė,2005-03-24,Galiojimas panaikintas,2005-12-22
UAB Staugaitienės vaistinė,134888377,Vaistinės veiklos licencija,65,0,"Baltų pr.31-1 Kauno m., Kaunas",Visuomenės vaistinė,2005-04-27,Galiojimas panaikintas,2015-08-26
UAB Parodos vaistinė,134971976,Vaistinės veiklos licencija,83,0,"Vytauto pr.83-2 Kauno m., Kaunas",Visuomenės vaistinė,2005-04-27,Galiojimas panaikintas,2007-06-19
"Uždaroji akcinė bendrovė ""Lucerna""",134696195,Vaistinės veiklos licencija,100,0,"Vytauto pr.2 / M.K.Čiurlionio g.21 Kauno m., Kaunas",Visuomenės vaistinė,2005-04-27,Galiojimas panaikintas,2007-06-19
"Uždaroji akcinė bendrovė ""Armedikos vaistinė""",234669690,Vaistinės veiklos licencija,179,0,"Neries krantinė 16 Kauno m., Kaunas",Visuomenės vaistinė,2005-06-16,Galiojimas panaikintas,2009-12-04
"Uždaroji akcinė bendrovė ""Vakarų vaistinė""",134206314,Vaistinės veiklos licencija,186,0,A.Baranausko g.28-17 Kaunas,Visuomenės vaistinė,2005-06-16,Galiojimas panaikintas,2014-02-11
"Uždaroji akcinė bendrovė ""Urticae vaistinė""",133728868,Vaistinės veiklos licencija,196,0,"Neries krantinė 8 / Sąjungos a.17 Kauno m., Kaunas",Visuomenės vaistinė,2005-06-16,Galiojimas sustabdytas,2017-11-03
"UAB vaistinė ""Mažalapė liepa""",135741871,Vaistinės veiklos licencija,260,0,Vytauto pr.39 Kaunas,Visuomenės vaistinė,2005-08-24,Galioja,2005-08-24
"Uždaroji akcinė bendrovė ""Linita"" vaistinė",133743247,Vaistinės veiklos licencija,264,0,"Miško g.30 Kauno m., Kaunas",Visuomenės vaistinė,2005-08-24,Galiojimas panaikintas,2014-02-11
"UAB ""B.Jancevičienės vaistinė""",134399856,Vaistinės veiklos licencija,271,0,P.Lukšio g.60 Kaunas,Visuomenės vaistinė,2005-08-24,Galioja,2005-08-24
UAB Herbarijos vaistinė,135632174,Vaistinės veiklos licencija,67,0,"K.Baršausko g.66a Kauno m., Kaunas",Visuomenės vaistinė,2005-04-27,Galiojimas panaikintas,2009-01-16
"Uždaroji akcinė bendrovė ""Eglikė""",135287365,Vaistinės veiklos licencija,324,0,Savanorių pr.206 Kaunas,Visuomenės vaistinė,2005-09-13,Galiojimas panaikintas,2006-12-20
UAB ALAUŠO VAISTINĖ,135786418,Vaistinės veiklos licencija,327,0,Alaušo g.3 Kaunas,Visuomenės vaistinė,2005-09-13,Galiojimas panaikintas,2011-06-23
"L.Petraitienės ""Jotvingių"" vaistinė",134534275,Vaistinės veiklos licencija,357,0,"Jotvingių g.15 Kauno m., Kaunas",Visuomenės vaistinė,2005-10-13,Galiojimas panaikintas,2007-11-20
"Uždaroji akcinė bendrovė ""Palemono vaistinė""",133921066,Vaistinės veiklos licencija,358,0,"Stoties g.2/ Marių g.14 Kauno m., Kaunas",Visuomenės vaistinė,2005-10-13,Galiojimas panaikintas,2009-03-09
"Uždaroji akcinė bendrovė ""Savridos vaistinė""",135445872,Vaistinės veiklos licencija,98,0,Partizanų g.228-1 Kaunas,Visuomenės vaistinė,2005-04-27,Galiojimas panaikintas,2008-12-19
Uždaroji akcinė bendrovė Kauno medicinos centro vaistinė,135175124,Vaistinės veiklos licencija,364,0,Šiaurės pr.8a Kaunas,Visuomenės vaistinė,2005-10-13,Galiojimas panaikintas,2013-09-19
"UAB ""Skalvė"" ir ko vaistinė",235955940,Vaistinės veiklos licencija,370,0,K.Donelaičio g.70d-2 Kaunas,Visuomenės vaistinė,2005-10-13,Galiojimas panaikintas,2011-09-19
UAB Pakraščio vaistinė,134810962,Vaistinės veiklos licencija,371,0,"Geležinio Vilko g.17-1 Kauno m., Kaunas",Visuomenės vaistinė,2005-10-13,Galiojimas panaikintas,2009-09-09
"Uždaroji akcinė bendrovė ""Sekada""",134733793,Vaistinės veiklos licencija,390,0,"Šiaurės pr.77-1A Kauno m., Kaunas",Visuomenės vaistinė,2005-10-13,Galiojimas panaikintas,2007-01-10
UAB Ąžuolyno vaistažolių vaistinė,135839778,Vaistinės veiklos licencija,409,0,K.Petrausko g.19 Kaunas,Visuomenės vaistinė,2005-10-13,Galiojimas panaikintas,2013-04-08
"Uždaroji akcinė bendrovė ""Vekšis""",134104672,Vaistinės veiklos licencija,184,0,Savanorių pr.375 Kaunas,Visuomenės vaistinė,2005-06-16,Galiojimas panaikintas,2007-09-25
"Uždarojia akcinė bendrovė ""Gedimino vaistinė""",133916457,Vaistinės veiklos licencija,428,0,"Gedimino g.34 Kauno m., Kaunas",Visuomenės vaistinė,2005-10-13,Galiojimas panaikintas,2014-04-25
"UAB ""Paparčio vaistinė""",134018497,Vaistinės veiklos licencija,430,0,"Raudondvario pl.164 Kauno m., Kaunas",Visuomenės vaistinė,2005-10-13,Galiojimas panaikintas,2015-05-20
"Uždaroji akcinė bendrovė ""Gluosnių"" vaistinė",3519697,Vaistinės veiklos licencija,437,0,Veiverių g.150 - 1-30 Kaunas,Visuomenės vaistinė,2005-10-13,Galiojimas panaikintas,2008-11-07
Uždaroji akcinė bendrovė Pažaislio vaistinė,135119015,Vaistinės veiklos licencija,451,0,T.Masiulio g.8 - 1-1 Kaunas,Visuomenės vaistinė,2005-10-13,Galiojimas panaikintas,2012-01-11
"UAB ""Gintarinė vaistinė""",125877727,Vaistinės veiklos licencija,20,315,"Raudondvario pl.94B Kauno m., Kaunas",Visuomenės vaistinė,2015-06-26,Galioja,2015-06-26
"UAB Vaistinė ""Melisanus""",135703970,Vaistinės veiklos licencija,468,0,"Partizanų g.228-1 Kauno m., Kaunas",Visuomenės vaistinė,2005-10-13,Galiojimas panaikintas,2012-01-10
"Uždaroji akcinė bendrovė ""Berželio vaistinė""",133916980,Vaistinės veiklos licencija,474,0,Taikos pr.113 Kaunas,Visuomenės vaistinė,2005-10-13,Galiojimas panaikintas,2007-01-10
"UAB ""Vaistinė Prisimink""",135946552,Vaistinės veiklos licencija,488,0,"Šiaurės pr.8C Kauno m., Kaunas",Visuomenės vaistinė,2005-11-17,Galiojimas panaikintas,2013-05-08
"Uždaroji akcinė bendrovė vaistinė ""Prie klinikų""",135204622,Vaistinės veiklos licencija,80,0,"V.Lašo g.1 / Eivenių g.19 Kauno m., Kaunas",Visuomenės vaistinė,2005-04-27,Galiojimas panaikintas,2007-08-06
Virginijaus Urbono įmonė,132862736,Vaistinės veiklos licencija,508,0,Sukilėlių pr.84 Kaunas,Visuomenės vaistinė,2005-11-17,Galiojimas panaikintas,2012-04-30
"UAB Vaistinė ""Baltbiola""",135749619,Vaistinės veiklos licencija,509,0,"Studentų g.25 Kauno m., Kaunas",Visuomenės vaistinė,2005-11-17,Galioja,2005-11-17
"Uždaroji akcinė bendrovė ""Simandra""",133791637,Vaistinės veiklos licencija,562,0,"Gedimino g.15 Kauno m., Kaunas",Visuomenės vaistinė,2005-12-22,Galiojimas panaikintas,2011-12-29
"UAB vaistinė ""ALIJOŠIUS""",134054575,Vaistinės veiklos licencija,589,0,"Luokės g.11 Kauno m., Kaunas",Visuomenės vaistinė,2006-01-19,Galiojimas panaikintas,2012-06-08
"Uždaroji akcinė bendrovė ""Panerių vaistinė""",134038756,Vaistinės veiklos licencija,590,0,Jurbarko g.54 Kaunas,Visuomenės vaistinė,2006-01-19,Galioja,2006-01-19
"UAB vaistinė ""ELISMA""",300562704,Vaistinės veiklos licencija,713,0,"A.Juozapavičiaus pr. 56 Kauno m., Kaunas",Visuomenės vaistinė,2007-02-03,Galioja,2007-02-03
"D.V.Raulynaitienės vaistinė ""Ekmedina""",134580276,Vaistinės veiklos licencija,725,0,"A.Juozapavičiaus pr.72 Kauno m., Kaunas",Visuomenės vaistinė,2007-07-25,Galiojimas panaikintas,2018-04-18
"UAB vaistinė ""Pharmelia""",301818868,Vaistinės veiklos licencija,774,0,"Rietavo g.8 Kauno m., Kaunas",Visuomenės vaistinė,2008-11-28,Galiojimas panaikintas,2011-04-06
UAB Deguonies vaistinė,302248652,Vaistinės veiklos licencija,781,0,P.Lukšio g.3 Kaunas,Visuomenės vaistinė,2009-01-30,Galiojimas panaikintas,2010-06-16
UAB Serbentų vaistinė,302300049,Vaistinės veiklos licencija,785,0,Šarkuvos g.22 Kaunas,Visuomenės vaistinė,2009-02-27,Galioja,2009-02-27
"UAB vaistinė ""Kotrynėlė""",134227970,Vaistinės veiklos licencija,793,0,"Vytauto pr.30-1 Kauno m., Kaunas",Visuomenės vaistinė,2009-07-22,Galiojimas panaikintas,2014-04-15
"UAB ""Iventos vaistinė""",302476734,Vaistinės veiklos licencija,806,0,"Savanorių pr.284A Kauno m, Kaunas",Visuomenės vaistinė,2010-03-19,Galiojimas panaikintas,2014-06-13
UAB Deguonies vaistinė,302248652,Vaistinės veiklos licencija,811,0,"Savanorių pr.168 Kauno m., Kaunas",Visuomenės vaistinė,2010-07-12,Galiojimas panaikintas,2013-04-10
"UAB ""Apotheca vaistinė""",134858576,Vaistinės veiklos licencija,11,0,"Pramonės pr.33 Kauno m., Kaunas",Visuomenės vaistinė,2005-02-17,Galioja,2005-02-17
"UAB vaistinė ""Grindelija""",135177285,Vaistinės veiklos licencija,157,0,"Rietavo g.8 Kauno m., Kaunas",Visuomenės vaistinė,2005-05-19,Galiojimas panaikintas,2008-09-08
"A.Liungaitės firma ""Šilainių vaistinė""",134284996,Vaistinės veiklos licencija,230,0,"Savanorių pr.214A Kauno m., Kaunas",Visuomenės vaistinė,2005-07-05,Galiojimas panaikintas,2011-01-14
Kauno tardymo izoliatorius,300013972,Vaistinės veiklos licencija,824,0,"A.Mickevičiaus g.11 Kauno m., Kaunas",Ligoninės vaistinė,2004-11-29,Galioja,2004-11-29
UAB Santakos vaistinė,135770570,Vaistinės veiklos licencija,485,0,Jonavos g.14 / M.Daukšos g.52 Kaunas,Visuomenės vaistinė,2005-11-17,Galiojimas panaikintas,2010-11-18
UAB Vyšnių vaistinė,135982630,Vaistinės veiklos licencija,192,0,Šarkuvos g.22 Kaunas,Visuomenės vaistinė,2005-06-16,Galiojimas panaikintas,2009-01-16
"UAB ""BIO VAISTINĖ""",302445607,Vaistinės veiklos licencija,799,0,"Studentų g.37 Kauno m., Kaunas",Visuomenės vaistinė,2009-12-08,Galioja,2009-12-08
"Uždaroji akcinė bendrovė ""Nemuno vaistinė""",134778482,Vaistinės veiklos licencija,2,30,Vilniaus g.50 Kaunas,Visuomenės vaistinė,2005-02-17,Galioja,2005-02-17
"Uždaroji akcinė bendrovė ""Medicamen""",135166075,Vaistinės veiklos licencija,1,8,Varnių g.38a Kaunas,Visuomenės vaistinė,2005-02-17,Galiojimas panaikintas,2006-06-20
"Uždaroji akcinė bendrovė ""Medicamen""",135166075,Vaistinės veiklos licencija,1,9,"R.Kalantos g.119 Kauno m., Kaunas",Visuomenės vaistinė,2005-02-17,Galiojimas panaikintas,2006-06-13
"Uždaroji akcinė bendrovė ""Medicamen""",135166075,Vaistinės veiklos licencija,1,12,Vaidoto g.34 Kaunas,Visuomenės vaistinė,2005-02-17,Galiojimas panaikintas,2006-06-13
"Uždaroji akcinė bendrovė ""Nemuno vaistinė""",134778482,Vaistinės veiklos licencija,2,61,"Veiverių g.27 Kauno m., Kaunas",Visuomenės vaistinė,2005-08-02,Galiojimas panaikintas,2015-12-08
"Uždaroji akcinė bendrovė ""Nemuno vaistinė""",134778482,Vaistinės veiklos licencija,2,65,"K.Baršausko g.67-10 Kauno m., Kaunas",Visuomenės vaistinė,2005-10-13,Galioja,2005-10-13
"Uždaroji akcinė bendrovė ""Nemuno vaistinė""",134778482,Vaistinės veiklos licencija,2,81,"Zanavykų g.25B Kauno m., Kaunas",Visuomenės vaistinė,2006-06-13,Galioja,2006-06-13
"Uždaroji akcinė bendrovė ""Medicamen""",135166075,Vaistinės veiklos licencija,1,50,"Vaižganto g.9 Kauno m., Kaunas",Visuomenės vaistinė,2005-02-17,Galiojimas panaikintas,2007-01-25
"Uždaroji akcinė bendrovė ""Medicamen""",135166075,Vaistinės veiklos licencija,1,57,"Pramonės pr.16 Kauno m., Kaunas",Visuomenės vaistinė,2005-02-17,Galiojimas panaikintas,2007-01-25
"Uždaroji akcinė bendrovė ""Medicamen""",135166075,Vaistinės veiklos licencija,1,58,"Savanorių pr.186 Kauno m., Kaunas",Visuomenės vaistinė,2005-02-17,Galiojimas panaikintas,2006-04-20
"Uždaroji akcinė bendrovė ""Medicamen""",135166075,Vaistinės veiklos licencija,1,72,"Kuršių g.1 Kauno m., Kaunas",Visuomenės vaistinė,2005-04-27,Galiojimas panaikintas,2006-05-25
UAB EUROVAISTINĖ,124446859,Vaistinės veiklos licencija,13,201,"Vytauto pr.32 Kauno m., Kaunas",Visuomenės vaistinė,2006-04-20,Galioja,2006-04-20
"Uždaroji akcinė bendrovė ""Nemuno vaistinė""",134778482,Vaistinės veiklos licencija,2,57,"Baltijos g.112 Kauno m., Kaunas",Visuomenės vaistinė,2005-03-24,Galioja,2005-03-24
UAB EUROVAISTINĖ,124446859,Vaistinės veiklos licencija,13,234,"Kalniečių g.253A Kauno m., Kaunas",Visuomenės vaistinė,2007-11-12,Galioja,2007-11-12
"UAB ""Apotheca vaistinė""",134858576,Vaistinės veiklos licencija,11,30,"V.Krėvės pr.64-84 Kauno m., Kaunas",Visuomenės vaistinė,2005-07-05,Galiojimas panaikintas,2007-12-06
"UAB ""Gintarinė vaistinė""",125877727,Vaistinės veiklos licencija,20,185,"Partizanų g.134 Kauno m., Kaunas",Visuomenės vaistinė,2011-03-28,Galioja,2011-03-28
"UAB ""Gintarinė vaistinė""",125877727,Vaistinės veiklos licencija,20,191,"Birželio 23-osios g.4 Kauno m., Kaunas",Visuomenės vaistinė,2011-09-05,Galiojimas panaikintas,2015-04-29
"UAB ""Gintarinė vaistinė""",125877727,Vaistinės veiklos licencija,20,196,"Vytauto pr.83-5 Kauno m., Kaunas",Visuomenės vaistinė,2011-11-05,Galioja,2011-11-05
"UAB ""Gintarinė vaistinė""",125877727,Vaistinės veiklos licencija,20,190,Vytauto pr.43 Kaunas,Visuomenės vaistinė,2011-09-05,Galiojimas panaikintas,2018-03-06
"UAB ""Gintarinė vaistinė""",125877727,Vaistinės veiklos licencija,20,212,"S.Daukanto g.11 Kauno m., Kaunas",Visuomenės vaistinė,2012-01-12,Galioja,2012-01-12
"UAB ""Gintarinė vaistinė""",125877727,Vaistinės veiklos licencija,20,218,"A.Stulginskio g.67 Kauno m., Kaunas",Visuomenės vaistinė,2012-01-12,Galioja,2012-01-12
"UAB ""Gintarinė vaistinė""",125877727,Vaistinės veiklos licencija,20,223,"A.Juozapavičiaus pr.43 / Norvegų g.1 Kauno m., Kaunas",Visuomenės vaistinė,2012-01-12,Galiojimas panaikintas,2013-10-09
"UAB ""Gintarinė vaistinė""",125877727,Vaistinės veiklos licencija,20,234,"V.Lašo g.1 / Eivenių g.19 Kauno m., Kaunas",Visuomenės vaistinė,2012-01-12,Galioja,2012-01-12
"Uždaroji akcinė bendrovė ""Medicamen""",135166075,Vaistinės veiklos licencija,1,1,"Baltų pr.81 Kauno m., Kaunas",Visuomenės vaistinė,2005-02-17,Galiojimas panaikintas,2006-07-12
"UAB ""Gintarinė vaistinė""",125877727,Vaistinės veiklos licencija,20,258,"A.Purėno g.20 Kauno m., Kaunas",Visuomenės vaistinė,2012-01-12,Galiojimas panaikintas,2014-07-14
"UAB ""Gintarinė vaistinė""",125877727,Vaistinės veiklos licencija,20,262,"Sukilėlių pr.84 Kauno m., Kaunas",Visuomenės vaistinė,2012-04-30,Galioja,2012-04-30
"UAB ""Gintarinė vaistinė""",125877727,Vaistinės veiklos licencija,20,299,"Savanorių pr.169 Kauno m., Kaunas",Visuomenės vaistinė,2014-08-14,Galioja,2014-08-14
UAB EUROVAISTINĖ,124446859,Vaistinės veiklos licencija,13,128,Laisvės al.38 Kaunas,Visuomenės vaistinė,2005-02-17,Galioja,2005-02-17
UAB Herbarijos vaistinė,135632174,Vaistinės veiklos licencija,67,8,"Savanorių pr.423 Kauno m., Kaunas",Visuomenės vaistinė,2005-04-27,Galiojimas panaikintas,2009-01-16
UAB Herbarijos vaistinė,135632174,Vaistinės veiklos licencija,67,18,"K.Donelaičio g.44A Kauno m., Kaunas",Visuomenės vaistinė,2007-03-08,Galiojimas panaikintas,2009-01-16
"BENU Vaistinė Lietuva, UAB",135874035,Vaistinės veiklos licencija,79,50,"K.Donelaičio g.44A Kauno m., Kaunas",Visuomenės vaistinė,2009-01-16,Galiojimas panaikintas,2010-10-05
"BENU Vaistinė Lietuva, UAB",135874035,Vaistinės veiklos licencija,79,55,Sporto g.1 Kaunas,Visuomenės vaistinė,2009-09-09,Galiojimas panaikintas,2011-01-14
"BENU Vaistinė Lietuva, UAB",135874035,Vaistinės veiklos licencija,79,60,"Marių g.2 Kauno m., Kaunas",Visuomenės vaistinė,2009-09-09,Galiojimas panaikintas,2015-10-08
"BENU Vaistinė Lietuva, UAB",135874035,Vaistinės veiklos licencija,79,62,Žemaičių pl.66 Kaunas,Visuomenės vaistinė,2009-09-09,Galiojimas panaikintas,2012-01-10
"BENU Vaistinė Lietuva, UAB",135874035,Vaistinės veiklos licencija,79,40,"Savanorių pr.421 Kauno m., Kaunas",Visuomenės vaistinė,2009-01-16,Galiojimas panaikintas,2018-04-26
UAB Herbarijos vaistinė,135632174,Vaistinės veiklos licencija,67,12,"Islandijos pl.32 Kauno m., Kaunas",Visuomenės vaistinė,2005-12-09,Galiojimas panaikintas,2009-01-16
"BENU Vaistinė Lietuva, UAB",135874035,Vaistinės veiklos licencija,79,102,"Neries krantinė 16 Kauno m., Kaunas",Visuomenės vaistinė,2009-12-04,Galioja,2009-12-04
"BENU Vaistinė Lietuva, UAB",135874035,Vaistinės veiklos licencija,79,138,"A.Juozapavičiaus pr.33 Kauno m., Kaunas",Visuomenės vaistinė,2012-02-10,Galioja,2012-02-10
"BENU Vaistinė Lietuva, UAB",135874035,Vaistinės veiklos licencija,79,139,"M.Gimbutienės g.3 Kauno m., Kaunas",Visuomenės vaistinė,2012-02-29,Galioja,2012-02-29
"BENU Vaistinė Lietuva, UAB",135874035,Vaistinės veiklos licencija,79,143,"Šv.Gertrūdos g.64 / M.Daukšos g.51 Kauno m., Kaunas",Visuomenės vaistinė,2013-11-06,Galioja,2013-11-06
"Uždaroji akcinė bendrovė ""Nemuno vaistinė""",134778482,Vaistinės veiklos licencija,2,99,"Taikos pr.113 Kauno m., Kaunas",Visuomenės vaistinė,2007-01-18,Galiojimas panaikintas,2013-05-21
"Uždaroji akcinė bendrovė ""Nemuno vaistinė""",134778482,Vaistinės veiklos licencija,2,100,"V.Krėvės pr.97H Kauno m., Kaunas",Visuomenės vaistinė,2007-02-03,Galioja,2007-02-03
"Uždaroji akcinė bendrovė ""Lucerna""",134696195,Vaistinės veiklos licencija,100,1,"K.Petrausko g.6 Kauno m., Kaunas",Visuomenės vaistinė,2005-04-27,Galiojimas panaikintas,2007-06-19
"Uždaroji akcinė bendrovė ""Lucerna""",134696195,Vaistinės veiklos licencija,100,3,"Kariūnų pl.7 Kauno m., Kaunas",Visuomenės vaistinė,2005-04-27,Galiojimas panaikintas,2007-06-19
"Uždaroji akcinė bendrovė ""Lucerna""",134696195,Vaistinės veiklos licencija,100,4,"Josvainių g.2 Kauno m., Kaunas",Visuomenės vaistinė,2005-04-27,Galiojimas panaikintas,2007-06-19
"Uždaroji akcinė bendrovė ""Lucerna""",134696195,Vaistinės veiklos licencija,100,5,"A.Juozapavičiaus pr.66 Kauno m., Kaunas",Visuomenės vaistinė,2005-04-27,Galiojimas panaikintas,2007-06-19
"Uždaroji akcinė bendrovė ""Lucerna""",134696195,Vaistinės veiklos licencija,100,6,"Taikos pr.81 Kauno m., Kaunas",Visuomenės vaistinė,2005-04-27,Galiojimas panaikintas,2007-06-19
"Uždaroji akcinė bendrovė ""Lucerna""",134696195,Vaistinės veiklos licencija,100,9,"Kampiškių g.3 Kauno m., Kaunas",Visuomenės vaistinė,2005-04-27,Galiojimas panaikintas,2007-06-19
UAB EUROVAISTINĖ,124446859,Vaistinės veiklos licencija,13,311,"Laisvės al.99-2 Kauno m., Kaunas",Visuomenės vaistinė,2015-08-11,Galioja,2015-08-11
UAB EUROVAISTINĖ,124446859,Vaistinės veiklos licencija,13,312,"V.Krėvės pr.108 Kauno m., Kaunas",Visuomenės vaistinė,2015-10-14,Galioja,2015-10-14
Uždaroji akcinė bendrovė RAMUNĖLĖS VAISTINĖ,181528234,Vaistinės veiklos licencija,17,13,"V.Krėvės pr.97 Kauno m., Kaunas",Visuomenės vaistinė,2005-04-27,Galiojimas panaikintas,2014-10-23
"Uždaroji akcinė bendrovė ""Nemuno vaistinė""",134778482,Vaistinės veiklos licencija,2,187,"Savanorių pr.314-1 Kauno m., Kaunas",Visuomenės vaistinė,2008-08-29,Galioja,2008-08-29
"UAB ""Gintarinė vaistinė""",125877727,Vaistinės veiklos licencija,20,21,"Baltų pr.81 Kauno m., Kaunas",Visuomenės vaistinė,2005-03-24,Galioja,2005-03-24
"UAB ""Gintarinė vaistinė""",125877727,Vaistinės veiklos licencija,20,97,"Bajorų g.8 Kauno m., Kaunas",Visuomenės vaistinė,2006-12-30,Galiojimas panaikintas,2009-03-24
"Uždaroji akcinė bendrovė ""Armedikos vaistinė""",234669690,Vaistinės veiklos licencija,179,21,Raudondvario pl.164 Kaunas,Visuomenės vaistinė,2007-04-19,Galiojimas panaikintas,2009-12-04
"Uždaroji akcinė bendrovė ""Armedikos vaistinė""",234669690,Vaistinės veiklos licencija,179,22,"Neries krantinė 16 Kauno m., Kaunas",Visuomenės vaistinė,2007-05-17,Galiojimas panaikintas,2009-07-02
"Uždaroji akcinė bendrovė ""Nemuno vaistinė""",134778482,Vaistinės veiklos licencija,2,282,"Savanorių pr.214A Kauno m., Kaunas",Visuomenės vaistinė,2014-10-23,Galioja,2014-10-23
"Uždaroji akcinė bendrovė ""Nemuno vaistinė""",134778482,Vaistinės veiklos licencija,2,283,"V.Krėvės pr.57 Kauno m., Kaunas",Visuomenės vaistinė,2014-10-27,Galioja,2014-10-27
"UAB ""Gintarinė vaistinė""",125877727,Vaistinės veiklos licencija,20,126,Veiverių g.150 - 1-30 Kaunas,Visuomenės vaistinė,2008-11-07,Galioja,2008-11-07
"Uždaroji akcinė bendrovė ""Duvalis""",133907789,Vaistinės veiklos licencija,198,0,Chemijos g.2 Kaunas,Visuomenės vaistinė,2005-06-16,Galiojimas panaikintas,2007-02-23
UAB Staugaitienės vaistinė,134888377,Vaistinės veiklos licencija,65,1,Žemaičių pl.48 Kaunas,Visuomenės vaistinė,2005-04-27,Galiojimas panaikintas,2015-08-26
"UAB ""Gintarinė vaistinė""",125877727,Vaistinės veiklos licencija,20,80,"Žemaičių pl.23 Kauno m., Kaunas",Visuomenės vaistinė,2006-05-25,Galioja,2006-05-25
"UAB ""Gintarinė vaistinė""",125877727,Vaistinės veiklos licencija,20,164,"Pramonės pr.14 Kauno m., Kaunas",Visuomenės vaistinė,2010-05-27,Galioja,2010-05-27
"UAB ""Gintarinė vaistinė""",125877727,Vaistinės veiklos licencija,20,171,"Šiaurės pr.91 Kauno m., Kaunas",Visuomenės vaistinė,2010-09-02,Galioja,2010-09-02
UAB ITA vaistinė,151433517,Vaistinės veiklos licencija,221,0,"A.Kriščiukaičio g.14 Kauno m., Kaunas",Visuomenės vaistinė,2005-07-05,Galiojimas panaikintas,2014-03-03
"UAB ""Gintarinė vaistinė""",125877727,Vaistinės veiklos licencija,20,128,Partizanų g.228-1 Kaunas,Visuomenės vaistinė,2008-12-19,Galiojimas panaikintas,2010-11-18
"UAB ""Gintarinė vaistinė""",125877727,Vaistinės veiklos licencija,20,257,"Pamario g.1 Kauno m., Kaunas",Visuomenės vaistinė,2012-01-12,Galioja,2012-01-12
"UAB ""Apotheca vaistinė""",134858576,Vaistinės veiklos licencija,11,16,Pakraščio g.24 Kaunas,Visuomenės vaistinė,2005-02-17,Galiojimas panaikintas,2011-08-10
"UAB ""Apotheca vaistinė""",134858576,Vaistinės veiklos licencija,11,18,V.Putvinskio g.62 Kaunas,Visuomenės vaistinė,2005-02-17,Galiojimas panaikintas,2006-04-20
"UAB ""Apotheca vaistinė""",134858576,Vaistinės veiklos licencija,11,21,S.Dariaus ir S.Girėno g.48 Kaunas,Visuomenės vaistinė,2005-02-17,Galiojimas panaikintas,2013-02-22
"UAB ""Apotheca vaistinė""",134858576,Vaistinės veiklos licencija,11,24,Tvirtovės al.86-2 Kaunas,Visuomenės vaistinė,2005-02-17,Galiojimas panaikintas,2008-02-21
"UAB ""Apotheca vaistinė""",134858576,Vaistinės veiklos licencija,11,25,"Draugystės g.8c Kauno m., Kaunas",Visuomenės vaistinė,2005-02-17,Galiojimas panaikintas,2006-04-20
"UAB ""Apotheca vaistinė""",134858576,Vaistinės veiklos licencija,11,28,"Eivenių g.2 Kauno m., Kaunas",Visuomenės vaistinė,2005-02-17,Galioja,2005-02-17
"UAB ""Apotheca vaistinė""",134858576,Vaistinės veiklos licencija,11,29,"Raudondvario pl.164 Kauno m., Kaunas",Visuomenės vaistinė,2005-07-05,Galiojimas panaikintas,2006-11-27
"BENU Vaistinė Lietuva, UAB",135874035,Vaistinės veiklos licencija,79,112,Raudondvario pl.164 Kaunas,Visuomenės vaistinė,2009-12-04,Galiojimas panaikintas,2013-11-13
"UAB Vaistinė ""Putinaitis""",135079179,Vaistinės veiklos licencija,273,0,"J.Naugardo g.13 Kauno m., Kaunas",Visuomenės vaistinė,2005-08-24,Galioja,2005-08-24
"BENU Vaistinė Lietuva, UAB",135874035,Vaistinės veiklos licencija,79,21,Vytauto pr.2 / M.K.Čiurlionio g.21 Kaunas,Visuomenės vaistinė,2009-01-16,Galioja,2009-01-16
"BENU Vaistinė Lietuva, UAB",135874035,Vaistinės veiklos licencija,79,24,"A.Juozapavičiaus g.66 Kauno m., Kaunas",Visuomenės vaistinė,2009-01-16,Galiojimas panaikintas,2011-07-29
"BENU Vaistinė Lietuva, UAB",135874035,Vaistinės veiklos licencija,79,26,Taikos pr.81 Kaunas,Visuomenės vaistinė,2009-01-16,Galiojimas panaikintas,2010-04-01
"BENU Vaistinė Lietuva, UAB",135874035,Vaistinės veiklos licencija,79,46,"Didžioji g.98 Kauno m., Kaunas",Visuomenės vaistinė,2009-01-16,Galioja,2009-01-16
"BENU Vaistinė Lietuva, UAB",135874035,Vaistinės veiklos licencija,79,47,"Baltų pr.18 / Sembų g.1 Kauno m., Kaunas",Visuomenės vaistinė,2009-01-16,Galiojimas panaikintas,2012-03-20
"UAB vaistinė ""FAMA BONA"" ir Ko",135787858,Vaistinės veiklos licencija,348,1,"J.Borutos g.2 Kauno m., Kaunas",Visuomenės vaistinė,2005-10-13,Galiojimas panaikintas,2014-01-13
IĮ Aurelijos Levulienės vaistinė,159981889,Vaistinės veiklos licencija,351,2,"Veiverių g.45A Kauno m., Kaunas",Visuomenės vaistinė,2006-12-21,Galiojimas panaikintas,2012-04-04
"UAB vaistinė ""FAMA BONA"" ir Ko",135787858,Vaistinės veiklos licencija,348,0,Islandijos pl.173 Kaunas,Visuomenės vaistinė,2005-10-13,Galioja,2005-10-13
UAB EUROVAISTINĖ,124446859,Vaistinės veiklos licencija,13,248,"Panerių g.322 Kauno m., Kaunas",Visuomenės vaistinė,2008-03-04,Galioja,2008-03-04
UAB V.Berlinskienės vaistinė,164245814,Vaistinės veiklos licencija,410,0,"Volungių g.16 Kauno m., Kaunas",Visuomenės vaistinė,2005-10-13,Galioja,2005-10-13
UAB EUROVAISTINĖ,124446859,Vaistinės veiklos licencija,13,296,"T.Masiulio g.16E Kauno m., Kaunas",Visuomenės vaistinė,2013-10-18,Galioja,2013-10-18
"BENU Vaistinė Lietuva, UAB",135874035,Vaistinės veiklos licencija,79,16,"Žemaičių g.31 Kauno m., Kaunas",Gamybinė visuomenės vaistinė,2009-01-16,Galiojimas panaikintas,2012-02-10
"BENU Vaistinė Lietuva, UAB",135874035,Vaistinės veiklos licencija,79,17,Savanorių pr.377 Kaunas,Visuomenės vaistinė,2009-01-16,Galiojimas panaikintas,2012-02-08
"BENU Vaistinė Lietuva, UAB",135874035,Vaistinės veiklos licencija,79,18,Vytauto pr.28 Kaunas,Visuomenės vaistinė,2009-01-16,Galiojimas panaikintas,2010-06-16
UAB EUROVAISTINĖ,124446859,Vaistinės veiklos licencija,13,303,"Studentų g.19 Kauno m., Kaunas",Visuomenės vaistinė,2014-11-28,Galioja,2014-11-28
UAB EUROVAISTINĖ,124446859,Vaistinės veiklos licencija,13,307,"V.Lašo g.1-1 Kauno m., Kaunas",Visuomenės vaistinė,2015-04-02,Galioja,2015-04-02
UAB Farma vaistinės,120134794,Vaistinės veiklos licencija,15,6,"Žemaičių g.31 Kauno m., Kaunas",Gamybinė visuomenės vaistinė,2005-03-24,Galiojimas panaikintas,2009-01-16
UAB Farma vaistinės,120134794,Vaistinės veiklos licencija,15,7,Savanorių pr.377 Kaunas,Visuomenės vaistinė,2005-03-24,Galiojimas panaikintas,2009-01-16
UAB Farma vaistinės,120134794,Vaistinės veiklos licencija,15,8,Vytauto pr.28 Kaunas,Visuomenės vaistinė,2005-03-24,Galiojimas panaikintas,2009-01-16
UAB Farma vaistinės,120134794,Vaistinės veiklos licencija,15,9,Savanorių pr.111 Kaunas,Visuomenės vaistinė,2005-03-24,Galiojimas panaikintas,2009-01-16
UAB Farma vaistinės,120134794,Vaistinės veiklos licencija,15,12,"Raudondvario pl.127 Kauno m., Kaunas",Visuomenės vaistinė,2005-04-27,Galiojimas panaikintas,2008-02-04
UAB Farma vaistinės,120134794,Vaistinės veiklos licencija,15,20,"Kampiškių g.3 Kauno m., Kaunas",Visuomenės vaistinė,2007-06-28,Galiojimas panaikintas,2009-01-16
UAB Farma vaistinės,120134794,Vaistinės veiklos licencija,15,21,Vytauto pr.2 / M.K.Čiurlionio g.21 Kaunas,Visuomenės vaistinė,2007-06-28,Galiojimas panaikintas,2009-01-16
UAB Farma vaistinės,120134794,Vaistinės veiklos licencija,15,23,"K.Petrausko g.6 Kauno m., Kaunas",Visuomenės vaistinė,2007-06-28,Galiojimas panaikintas,2009-01-16
UAB Farma vaistinės,120134794,Vaistinės veiklos licencija,15,24,"A.Juozapavičiaus g.66 Kauno m., Kaunas",Visuomenės vaistinė,2007-06-28,Galiojimas panaikintas,2009-01-16
UAB Farma vaistinės,120134794,Vaistinės veiklos licencija,15,25,"Kariūnų pl.7 Kauno m., Kaunas",Visuomenės vaistinė,2007-06-28,Galiojimas panaikintas,2009-01-16
UAB Farma vaistinės,120134794,Vaistinės veiklos licencija,15,26,Taikos pr.81 Kaunas,Visuomenės vaistinė,2007-06-28,Galiojimas panaikintas,2009-01-16
UAB Farma vaistinės,120134794,Vaistinės veiklos licencija,15,27,"Josvainių g.2 Kauno m., Kaunas",Visuomenės vaistinė,2007-06-28,Galiojimas panaikintas,2009-01-16
Uždaroji akcinė bendrovė RAMUNĖLĖS VAISTINĖ,181528234,Vaistinės veiklos licencija,17,36,"V.Krėvės pr.43 Kauno m., Kaunas",Visuomenės vaistinė,2014-10-09,Galioja,2014-10-09
Uždaroji akcinė bendrovė RAMUNĖLĖS VAISTINĖ,181528234,Vaistinės veiklos licencija,17,32,"V.Krėvės pr.57 Kauno m., Kaunas",Visuomenės vaistinė,2013-06-17,Galiojimas panaikintas,2014-10-16
"UAB Vaistinė ""Melisanus""",135703970,Vaistinės veiklos licencija,468,1,M.Gimbutienės g.3 Kaunas,Visuomenės vaistinė,2005-10-13,Galiojimas panaikintas,2012-01-10
"UAB Vaistinė ""Melisanus""",135703970,Vaistinės veiklos licencija,468,2,"A.Juozapavičiaus pr.33 Kauno m., Kaunas",Visuomenės vaistinė,2005-10-13,Galiojimas panaikintas,2012-01-10
"UAB Vaistinė ""Melisanus""",135703970,Vaistinės veiklos licencija,468,3,Zanavykų g.25f Kaunas,Visuomenės vaistinė,2005-10-13,Galiojimas panaikintas,2011-03-30
"UAB Vaistinė ""Melisanus""",135703970,Vaistinės veiklos licencija,468,4,A.Baranausko g.26 Kaunas,Visuomenės vaistinė,2005-10-13,Galiojimas panaikintas,2012-01-10
"UAB Vaistinė ""Melisanus""",135703970,Vaistinės veiklos licencija,468,5,"K.Škirpos g.17 Kauno m., Kaunas",Visuomenės vaistinė,2006-12-21,Galiojimas panaikintas,2011-10-06
"BENU Vaistinė Lietuva, UAB",135874035,Vaistinės veiklos licencija,79,73,Kovo 11-osios g.31a Kaunas,Visuomenės vaistinė,2009-09-09,Galiojimas panaikintas,2012-03-07
"UAB ""Gintarinė vaistinė""",125877727,Vaistinės veiklos licencija,20,1,Vilniaus g.35 Kaunas,Visuomenės vaistinė,2005-03-24,Galiojimas panaikintas,2007-07-24
"Uždaroji akcinė bendrovė ""Saurimeda""",133975338,Vaistinės veiklos licencija,481,7,"A.Stulginskio g.67 Kauno m., Kaunas",Visuomenės vaistinė,2005-11-17,Galiojimas panaikintas,2005-12-22
"Uždaroji akcinė bendrovė ""Kauno vaistinių centras""",134248427,Vaistinės veiklos licencija,482,1,Vytauto pr.43 Kaunas,Visuomenės vaistinė,2005-11-17,Galiojimas panaikintas,2011-09-05
"Uždaroji akcinė bendrovė ""Kauno vaistinių centras""",134248427,Vaistinės veiklos licencija,482,2,"Birželio 23-osios g.4 Kauno m., Kaunas",Visuomenės vaistinė,2005-11-17,Galiojimas panaikintas,2011-09-05
"Uždaroji akcinė bendrovė ""Kauno vaistinių centras""",134248427,Vaistinės veiklos licencija,482,3,"A.Juozapavičiaus pr.43 Kauno m., Kaunas",Visuomenės vaistinė,2005-11-17,Galiojimas panaikintas,2006-05-25
"Uždaroji akcinė bendrovė ""Kauno vaistinių centras""",134248427,Vaistinės veiklos licencija,482,4,"Savanorių pr.369 Kauno m., Kaunas",Gamybinė visuomenės vaistinė,2005-11-17,Galiojimas panaikintas,2011-07-28
"UAB ""Gintarinė vaistinė""",125877727,Vaistinės veiklos licencija,20,14,Vytauto pr.30-1 Kaunas,Visuomenės vaistinė,2005-03-24,Galiojimas panaikintas,2009-05-15
"Uždaroji akcinė bendrovė ""Saurimeda""",133975338,Vaistinės veiklos licencija,481,0,Vandžiogalos g.4A Kaunas,Visuomenės vaistinė,2005-11-17,Galiojimas panaikintas,2007-01-10
"UAB ""Gintarinė vaistinė""",125877727,Vaistinės veiklos licencija,20,44,"P.Lukšio g.58 Kauno m., Kaunas",Visuomenės vaistinė,2005-03-24,Galioja,2005-03-24
UAB Santakos vaistinė,135770570,Vaistinės veiklos licencija,485,3,"Jonavos g.282 Kauno m., Kaunas",Visuomenės vaistinė,2008-07-31,Galiojimas panaikintas,2010-11-18
UAB Santakos vaistinė,135770570,Vaistinės veiklos licencija,485,4,"Pašilės g.108 / Rytų g.42 Kauno m., Kaunas",Visuomenės vaistinė,2008-10-07,Galiojimas panaikintas,2009-09-09
UAB Santakos vaistinė,135770570,Vaistinės veiklos licencija,485,5,"Panerių g.58 Kauno m., Kaunas",Visuomenės vaistinė,2008-12-16,Galiojimas panaikintas,2009-07-22
"UAB ""Vaistinė Prisimink""",135946552,Vaistinės veiklos licencija,488,1,Prancūzų g.6 Kaunas,Visuomenės vaistinė,2005-11-17,Galiojimas panaikintas,2013-05-08
"Uždaroji akcinė bendrovė ""Ramučių vaistinė""",159815166,Vaistinės veiklos licencija,232,15,Baltų pr.55 Kaunas,Visuomenės vaistinė,2005-07-05,Galiojimas panaikintas,2009-09-09
"Uždaroji akcinė bendrovė ""Ramučių vaistinė""",159815166,Vaistinės veiklos licencija,232,16,Žemaičių pl.66 Kaunas,Visuomenės vaistinė,2005-07-05,Galiojimas panaikintas,2009-09-09
"Uždaroji akcinė bendrovė ""Ramučių vaistinė""",159815166,Vaistinės veiklos licencija,232,17,"Kalniečių g.172 Kauno m., Kaunas",Visuomenės vaistinė,2005-07-05,Galiojimas panaikintas,2008-11-07
"Uždaroji akcinė bendrovė ""Ramučių vaistinė""",159815166,Vaistinės veiklos licencija,232,18,9-ojo Forto g.70 Kaunas,Gamybinė visuomenės vaistinė,2009-03-16,Galiojimas panaikintas,2009-09-09
"UAB ""Gintarinė vaistinė""",125877727,Vaistinės veiklos licencija,20,100,Savanorių pr.206 Kaunas,Visuomenės vaistinė,2006-12-30,Galioja,2006-12-30
"UAB ""Gintarinė vaistinė""",125877727,Vaistinės veiklos licencija,20,104,"Vandžiogalos g.4A Kauno m., Kaunas",Visuomenės vaistinė,2007-01-11,Galioja,2007-01-11
"UAB ""Gintarinė vaistinė""",125877727,Vaistinės veiklos licencija,20,132,"Tilto g.6 Kauno m., Kaunas",Visuomenės vaistinė,2009-05-13,Galiojimas panaikintas,2011-01-21
"Uždaroji akcinė bendrovė ""Kupos vaistinė""",134542037,Vaistinės veiklos licencija,575,0,I.Kanto g.24-24 Kaunas,Visuomenės vaistinė,2005-12-22,Galioja,2005-12-22
UAB Norfos vaistinė,300536823,Vaistinės veiklos licencija,597,19,"Naujakurių g.31 Kauno m., Kaunas",Visuomenės vaistinė,2006-12-30,Galiojimas panaikintas,2014-08-22
UAB Norfos vaistinė,300536823,Vaistinės veiklos licencija,597,45,"Raudondvario pl.127 Kauno m., Kaunas",Visuomenės vaistinė,2008-03-07,Galiojimas panaikintas,2015-01-23
UAB Norfos vaistinė,300536823,Vaistinės veiklos licencija,597,72,Taikos pr.81 Kaunas,Visuomenės vaistinė,2010-10-29,Galioja,2010-10-29
UAB Norfos vaistinė,300536823,Vaistinės veiklos licencija,597,85,"P.Lukšio g.70 Kauno m., Kaunas",Visuomenės vaistinė,2012-10-16,Galioja,2012-10-16
UAB EUROVAISTINĖ,124446859,Vaistinės veiklos licencija,13,20,Laisvės al.60 Kaunas,Visuomenės vaistinė,2005-02-17,Galiojimas panaikintas,2010-02-12
UAB EUROVAISTINĖ,124446859,Vaistinės veiklos licencija,13,46,Bajorų g.10 / A.Stulginskio g.63 Kaunas,Visuomenės vaistinė,2005-02-17,Galioja,2005-02-17
IĮ Aurelijos Levulienės vaistinė,159981889,Vaistinės veiklos licencija,351,1,"Veiverių g.55 Kauno m., Kaunas",Visuomenės vaistinė,2005-10-13,Galiojimas panaikintas,2006-11-27
"BENU Vaistinė Lietuva, UAB",135874035,Vaistinės veiklos licencija,79,25,"Kariūnų pl.7 Kauno m., Kaunas",Visuomenės vaistinė,2009-01-16,Galioja,2009-01-16
"Uždaroji akcinė bendrovė ""Nemuno vaistinė""",134778482,Vaistinės veiklos licencija,2,58,"R.Kalantos g.131-2 Kauno m., Kaunas",Visuomenės vaistinė,2005-06-16,Galioja,2005-06-16
"Uždaroji akcinė bendrovė ""Nemuno vaistinė""",134778482,Vaistinės veiklos licencija,2,69,Savanorių pr.1 Kaunas,Visuomenės vaistinė,2006-01-19,Galioja,2006-01-19
UAB EUROVAISTINĖ,124446859,Vaistinės veiklos licencija,13,144,"A.Juozapavičiaus pr.51 / Danų g.2 Kauno m., Kaunas",Visuomenės vaistinė,2005-02-17,Galioja,2005-02-17
"A.Liungaitės firma ""Šilainių vaistinė""",134284996,Vaistinės veiklos licencija,230,2,"Savanorių pr.214A Kauno m., Kaunas",Visuomenės vaistinė,2005-07-05,Galiojimas panaikintas,2010-08-06
"A.Liungaitės firma ""Šilainių vaistinė""",134284996,Vaistinės veiklos licencija,230,3,"Tirkiliškių g.51 Kauno m., Kaunas",Visuomenės vaistinė,2005-07-05,Galiojimas panaikintas,2011-01-07
"Uždaroji akcinė bendrovė ""Ramučių vaistinė""",159815166,Vaistinės veiklos licencija,232,2,Sporto g.1 Kaunas,Visuomenės vaistinė,2005-07-05,Galiojimas panaikintas,2009-09-09
"Uždaroji akcinė bendrovė ""Ramučių vaistinė""",159815166,Vaistinės veiklos licencija,232,4,"Kovo 11-osios g.57-31 Kauno m., Kaunas",Visuomenės vaistinė,2005-07-05,Galiojimas panaikintas,2006-03-23
IĮ Danutės Petrauskienės vaistinė,159831747,Vaistinės veiklos licencija,28,0,Romainių g.52 Kaunas,Visuomenės vaistinė,2005-03-24,Galiojimas panaikintas,2013-12-19
"UAB ""Gintarinė vaistinė""",125877727,Vaistinės veiklos licencija,20,95,M.Riomerio g.2 Kaunas,Visuomenės vaistinė,2006-12-30,Galiojimas panaikintas,2012-10-09
"Uždaroji akcinė bendrovė ""Medicamen""",135166075,Vaistinės veiklos licencija,1,48,"M.Riomerio g.2 Kauno m., Kaunas",Visuomenės vaistinė,2005-02-17,Galiojimas panaikintas,2006-12-20
"Uždaroji akcinė bendrovė ""Medicamen""",135166075,Vaistinės veiklos licencija,1,49,"Sukilėlių pr.86a Kauno m., Kaunas",Visuomenės vaistinė,2005-02-17,Galiojimas panaikintas,2006-05-25
"UAB ""Gintarinė vaistinė""",125877727,Vaistinės veiklos licencija,20,221,"Veiverių g.134 Kauno m., Kaunas",Visuomenės vaistinė,2012-01-12,Galioja,2012-01-12
"Uždaroji akcinė bendrovė ""Medicamen""",135166075,Vaistinės veiklos licencija,1,5,Draugystės g.8k Kaunas,Visuomenės vaistinė,2005-02-17,Galiojimas panaikintas,2007-01-25
"UAB ""Gintarinė vaistinė""",125877727,Vaistinės veiklos licencija,20,307,"Savanorių pr.321 Kauno m., Kaunas",Visuomenės vaistinė,2014-12-11,Galioja,2014-12-11
"UAB ""Gintarinė vaistinė""",125877727,Vaistinės veiklos licencija,20,309,"Ateities pl.4A Kauno m., Kaunas",Visuomenės vaistinė,2014-12-15,Galioja,2014-12-15
"Vaistinė ""Arnica"", UAB",133619160,Vaistinės veiklos licencija,41,1,"Pramonės pr.14 Kauno m., Kaunas",Visuomenės vaistinė,2005-03-24,Galiojimas panaikintas,2009-03-26
"Uždaroji akcinė bendrovė ""Lucerna""",134696195,Vaistinės veiklos licencija,100,10,"Kęstučio g.35-1 Kauno m., Kaunas",Visuomenės vaistinė,2005-04-27,Galiojimas panaikintas,2005-08-02
UAB EUROVAISTINĖ,124446859,Vaistinės veiklos licencija,13,284,"Rokų g.17 Kauno m., Kaunas",Visuomenės vaistinė,2012-08-29,Galioja,2012-08-29
"Uždaroji akcinė bendrovė ""Urticae vaistinė""",133728868,Vaistinės veiklos licencija,196,1,"Baltų pr.7 Kauno m., Kaunas",Visuomenės vaistinė,2005-06-16,Galiojimas panaikintas,2008-09-15
"Uždaroji akcinė bendrovė ""Urticae vaistinė""",133728868,Vaistinės veiklos licencija,196,3,"Panerių g.121 Kauno m., Kaunas",Visuomenės vaistinė,2005-06-16,Galioja,2005-06-16
"Bendra Lietuvos-Vokietijos įmonė uždaroji akcinė bendrovė ""R.R.W. medical trade UAB""",110016324,Vaistinės veiklos licencija,197,1,Šv.Getrūdos g.3 Kaunas,Visuomenės vaistinė,2005-06-16,Galiojimas panaikintas,2007-12-22
UAB ITA vaistinė,151433517,Vaistinės veiklos licencija,221,5,"A.Kriščiukaičio g.14 Kauno m., Kaunas",Visuomenės vaistinė,2012-12-13,Galiojimas panaikintas,2013-09-18
"UAB ""Gintarinė vaistinė""",125877727,Vaistinės veiklos licencija,20,172,"Baltijos g.59 Kauno m., Kaunas",Visuomenės vaistinė,2010-09-03,Galioja,2010-09-03
"UAB vaistinė ""Mažalapė liepa""",135741871,Vaistinės veiklos licencija,260,1,"Laisvės al.75 / Maironio g.24 Kauno m., Kaunas",Visuomenės vaistinė,2005-08-24,Galioja,2005-08-24
"UAB ""Pilėnų vaistinė""",159836331,Vaistinės veiklos licencija,269,3,"Geležinio Vilko g.17-1 Kauno m., Kaunas",Visuomenės vaistinė,2005-10-13,Galiojimas panaikintas,2014-08-04
"UAB ""B.Jancevičienės vaistinė""",134399856,Vaistinės veiklos licencija,271,1,P.Lukšio g.60 Kaunas,Visuomenės vaistinė,2005-08-24,Galiojimas panaikintas,2008-05-08
UAB Herbarijos vaistinė,135632174,Vaistinės veiklos licencija,67,1,"Savanorių pr.346 Kauno m., Kaunas",Visuomenės vaistinė,2005-04-27,Galiojimas panaikintas,2009-01-16
UAB Herbarijos vaistinė,135632174,Vaistinės veiklos licencija,67,2,V.Krėvės pr.43a Kaunas,Visuomenės vaistinė,2005-04-27,Galiojimas panaikintas,2009-01-16
UAB Herbarijos vaistinė,135632174,Vaistinės veiklos licencija,67,3,"Prancūzų g.81 Kauno m., Kaunas",Visuomenės vaistinė,2005-04-27,Galiojimas panaikintas,2009-01-16
UAB Herbarijos vaistinė,135632174,Vaistinės veiklos licencija,67,14,"Didžioji g.98 Kauno m., Kaunas",Visuomenės vaistinė,2006-05-25,Galiojimas panaikintas,2009-01-16
UAB Herbarijos vaistinė,135632174,Vaistinės veiklos licencija,67,15,"Baltų pr.18 / Sembų g.1 Kauno m., Kaunas",Visuomenės vaistinė,2006-05-25,Galiojimas panaikintas,2009-01-16
UAB ALAUŠO VAISTINĖ,135786418,Vaistinės veiklos licencija,327,1,Verkių g.6 Kaunas,Visuomenės vaistinė,2005-09-13,Galiojimas panaikintas,2009-01-19
Uždaroji akcinė bendrovė Merkinės vaistinė,184563799,Vaistinės veiklos licencija,330,1,"Kęstučio g.52 Kauno m., Kaunas",Visuomenės vaistinė,2005-09-13,Galiojimas panaikintas,2006-11-10
Uždaroji akcinė bendrovė Merkinės vaistinė,184563799,Vaistinės veiklos licencija,330,3,"Medvėgalio g.23-72 Kauno m., Kaunas",Visuomenės vaistinė,2005-09-13,Galiojimas panaikintas,2009-09-09
Uždaroji akcinė bendrovė Merkinės vaistinė,184563799,Vaistinės veiklos licencija,330,4,"Zanavykų g.25H Kauno m., Kaunas",Visuomenės vaistinė,2006-03-23,Galiojimas panaikintas,2009-11-12
"Uždaroji akcinė bendrovė ""Medicamen""",135166075,Vaistinės veiklos licencija,1,62,"Naujakurių g.31 Kauno m., Kaunas",Visuomenės vaistinė,2005-02-17,Galiojimas panaikintas,2006-12-20
"Uždaroji akcinė bendrovė ""Medicamen""",135166075,Vaistinės veiklos licencija,1,67,"Kurpių g.6,8 Kauno m., Kaunas",Visuomenės vaistinė,2005-02-17,Galiojimas panaikintas,2006-06-13
UAB Ąžuolyno vaistažolių vaistinė,135839778,Vaistinės veiklos licencija,409,1,Vandžiogalos g.20 Kaunas,Visuomenės vaistinė,2005-10-13,Galiojimas panaikintas,2010-05-26
"UAB ""Arnikos vaistinė""",133886195,Vaistinės veiklos licencija,421,1,Savanorių pr.241-66 Kaunas,Visuomenės vaistinė,2005-10-13,Galiojimas panaikintas,2013-06-17
"Uždaroji akcinė bendrovė ""Aurea-mediocritas vaistinė""",156671091,Vaistinės veiklos licencija,422,1,Kovo 11-osios g.31a Kaunas,Visuomenės vaistinė,2005-10-13,Galiojimas panaikintas,2009-09-09
"Uždaroji akcinė bendrovė ""Aurea-mediocritas vaistinė""",156671091,Vaistinės veiklos licencija,422,2,"Varnių g.26A Kauno m., Kaunas",Visuomenės vaistinė,2005-10-13,Galiojimas panaikintas,2008-12-16
"Uždaroji akcinė bendrovė ""Aurea-mediocritas vaistinė""",156671091,Vaistinės veiklos licencija,422,3,Vilniaus g.38 - 3-1 Kaunas,Visuomenės vaistinė,2005-10-13,Galiojimas panaikintas,2006-03-23
Uždaroji akcinė bendrovė Pažaislio vaistinė,135119015,Vaistinės veiklos licencija,451,1,"Pamario g.1 Kauno m., Kaunas",Visuomenės vaistinė,2005-10-13,Galiojimas panaikintas,2012-01-11
Uždaroji akcinė bendrovė Pažaislio vaistinė,135119015,Vaistinės veiklos licencija,451,2,"A.Purėno g.20 Kauno m., Kaunas",Visuomenės vaistinė,2005-10-13,Galiojimas panaikintas,2012-01-11
Uždaroji akcinė bendrovė RAMUNĖLĖS VAISTINĖ,181528234,Vaistinės veiklos licencija,17,2,"Savanorių pr.214A Kauno m., Kaunas",Visuomenės vaistinė,2005-03-24,Galiojimas panaikintas,2014-10-06
"Uždaroji akcinė bendrovė ""Saurimeda""",133975338,Vaistinės veiklos licencija,481,1,"Žemaičių pl.23 Kauno m., Kaunas",Visuomenės vaistinė,2005-11-17,Galiojimas panaikintas,2006-05-25
"Uždaroji akcinė bendrovė ""Saurimeda""",133975338,Vaistinės veiklos licencija,481,2,Vytauto pr.16 Kaunas,Visuomenės vaistinė,2005-11-17,Galiojimas panaikintas,2007-01-10
"BENU Vaistinė Lietuva, UAB",135874035,Vaistinės veiklos licencija,79,20,"Kampiškių g.3 Kauno m., Kaunas",Visuomenės vaistinė,2009-01-16,Galiojimas panaikintas,2009-05-08
UAB Santakos vaistinė,135770570,Vaistinės veiklos licencija,485,1,"Vandžiogalos g.22 / Pienių g.1 Kauno m., Kaunas",Visuomenės vaistinė,2005-11-17,Galiojimas panaikintas,2010-11-18
"Uždaroji akcinė bendrovė vaistinė ""Prie klinikų""",135204622,Vaistinės veiklos licencija,80,1,Veiverių g.134 Kaunas,Visuomenės vaistinė,2005-04-27,Galiojimas panaikintas,2006-12-21
Virginijaus Urbono įmonė,132862736,Vaistinės veiklos licencija,508,1,"Šiaurės pr.99-3 Kauno m., Kaunas",Visuomenės vaistinė,2005-11-17,Galiojimas panaikintas,2012-04-30
"UAB ""Gintarinė vaistinė""",125877727,Vaistinės veiklos licencija,20,47,"Varnių g.38a Kauno m., Kaunas",Visuomenės vaistinė,2005-03-24,Galioja,2005-03-24
"UAB ""Gintarinė vaistinė""",125877727,Vaistinės veiklos licencija,20,52,"Taikos pr.34a Kauno m., Kaunas",Visuomenės vaistinė,2005-07-05,Galiojimas panaikintas,2008-02-04
"Uždaroji akcinė bendrovė ""Ramučių vaistinė""",159815166,Vaistinės veiklos licencija,232,14,Birželio 23-osios g.1 Kaunas,Visuomenės vaistinė,2005-07-05,Galiojimas panaikintas,2005-11-17
"UAB ""Gintarinė vaistinė""",125877727,Vaistinės veiklos licencija,20,114,"Jotvingių g.15 Kauno m., Kaunas",Visuomenės vaistinė,2007-12-01,Galioja,2007-12-01
UAB Norfos vaistinė,300536823,Vaistinės veiklos licencija,597,2,"Kuršių g.1 Kauno m., Kaunas",Visuomenės vaistinė,2006-05-25,Galiojimas panaikintas,2015-02-11
UAB Norfos vaistinė,300536823,Vaistinės veiklos licencija,597,3,"Veiverių g.142A Kauno m., Kaunas",Visuomenės vaistinė,2006-05-25,Galiojimas panaikintas,2015-09-22
"UAB ""Gintarinė vaistinė""",125877727,Vaistinės veiklos licencija,20,146,"Medvėgalio g.23-72 Kauno m., Kaunas",Visuomenės vaistinė,2009-09-09,Galioja,2009-09-09
UAB Norfos vaistinė,300536823,Vaistinės veiklos licencija,597,105,"Baltų pr.195 Kauno m., Kaunas",Visuomenės vaistinė,2015-09-22,Galioja,2015-09-22
"UAB vaistinė ""ELISMA""",300562704,Vaistinės veiklos licencija,713,2,Draugystės g.9a-2 Kaunas,Visuomenės vaistinė,2009-08-24,Galiojimas panaikintas,2010-03-31
"UAB ""Apotheca vaistinė""",134858576,Vaistinės veiklos licencija,11,46,Eivenių g.17 Kaunas,Visuomenės vaistinė,2007-07-25,Galioja,2007-07-25
UAB EUROVAISTINĖ,124446859,Vaistinės veiklos licencija,13,96,Gedimino g.33 Kaunas,Visuomenės vaistinė,2005-02-17,Galioja,2005-02-17
"Uždaroji akcinė bendrovė ""Medicamen""",135166075,Vaistinės veiklos licencija,1,55,Zanavykų g.25b Kaunas,Visuomenės vaistinė,2005-02-17,Galiojimas panaikintas,2006-06-13
"BENU Vaistinė Lietuva, UAB",135874035,Vaistinės veiklos licencija,79,6,Šarkuvos g.22 Kaunas,Visuomenės vaistinė,2009-01-16,Galiojimas panaikintas,2009-01-28
UAB Santakos vaistinė,135770570,Vaistinės veiklos licencija,485,2,Šiaurės pr.91 Kaunas,Visuomenės vaistinė,2005-11-17,Galiojimas panaikintas,2010-09-02
"A.Liungaitės firma ""Šilainių vaistinė""",134284996,Vaistinės veiklos licencija,230,1,"V.Krėvės pr.97 Kauno m., Kaunas",Visuomenės vaistinė,2005-07-05,Galiojimas panaikintas,2011-01-14
"Uždaroji akcinė bendrovė ""Ramučių vaistinė""",159815166,Vaistinės veiklos licencija,232,10,"Marių g.2 Kauno m., Kaunas",Visuomenės vaistinė,2005-07-05,Galiojimas panaikintas,2009-09-09
"Uždaroji akcinė bendrovė ""Lucerna""",134696195,Vaistinės veiklos licencija,100,8,"Rietavo g.11 Kauno m., Kaunas",Visuomenės vaistinė,2005-04-27,Galiojimas panaikintas,2006-02-14
UAB ITA vaistinė,151433517,Vaistinės veiklos licencija,221,3,"Jurbarko g.5 Kauno m., Kaunas",Visuomenės vaistinė,2011-02-11,Galiojimas panaikintas,2012-12-13
"Uždaroji akcinė bendrovė ""Saurimeda""",133975338,Vaistinės veiklos licencija,481,4,Jonavos g.3 Kaunas,Visuomenės vaistinė,2005-11-17,Galiojimas panaikintas,2006-05-25
"Vaistinė ""Esra"", UAB",152555844,Vaistinės veiklos licencija,394,4,Kovo 11-osios g.22 Kaunas,Visuomenės vaistinė,2005-10-13,Galiojimas panaikintas,2007-11-27
